sha256	bytes	path
e3b0c44298fc1c149afbf4c8996fb92427ae41e4649b934ca495991b7852b855	0	.nojekyll
1b058f66cea1bc9cd075cce5855a82d1c94b6fef13fe57be714632ed3b5fdb7d	20466	assets/baseTexture.pure-BolroSNj.js
ef2b7566ce65dfc76ee5993690a45dff3300e2424e1a37d3a58f4361862d6129	8158	assets/basisTextureLoader-CIp9PROt.js
455c46fc4b13fe2a93164783c7bfba27f2611f7a8e5c0c160cf0798dd7926275	1274	assets/clipPlaneFragment-Ct2VqHzk.js
74fd12d190430b96092bbaf47daa9916639ccf578b14fc8f90fee322f820b073	1174	assets/clipPlaneFragment-DVK0wgyZ.js
5b51cd8d2b32d811f729040895b94aeece1513dbc6234c507e93d67a17c5870e	9794	assets/clipPlaneVertex-Bxgq6IpG.js
1ec45c933b1c2e3488c59a45c9965a289ce3337639ef10efc15e98149d7c8c4c	8825	assets/clipPlaneVertex-Cqy6RCeP.js
e9dae782167d32901e20679ab315477933c7c47d6d776541961a2e4eeabe1693	1037	assets/color.fragment-CbJP31yK.js
6c19811bcafc31d92808a8b0b8099399b797e39c3b50f32d6a43bdb0cc6a6012	929	assets/color.fragment-CxH-oW8C.js
245089df0c38a7386f3a03354858b4fc60879a1381649f96de38dc8fa64341f7	1400	assets/color.vertex-CCPwwuPF.js
0c23db1e7a300550987a686170016d6c052af94b84cc7462cb07cf4d11bb7a1e	1460	assets/color.vertex-mQCzlXqp.js
393ce38f6fed227a4a2b0ae81b87da1f9a9fbb819d914900561960e578f66a00	3674	assets/cubemapToSphericalPolynomial-Dk2nXs7D.js
7adb4f12497e8afcd0102689ea3456f731437b835edffcc2740150068ef09654	65	assets/dds.pure-CFtXUYz5.js
787cff1c86925972d47933423da68fdfe73a07fdb65d3b5db5b3ae5f46c17b2f	6929	assets/dds.pure-TNYRMEKn.js
052a62b21f013c0a91183a964fcd513c424dc994f37d3ca1f35c66661ec94788	1264	assets/ddsTextureLoader-AZvr7N5M.js
2d05e67aea9b3360871ec7272d65e8ac3d19eea632121b414932c3dfd68bfa5c	3575	assets/decorators-CsN2eWor.js
0f27514e806fe14fec1fc6dce3bc3f5849f1db3c5b9e90c044bf7c2a0bf97c2f	106633	assets/default.fragment-Bzxfwqck.js
82d52a90146592b59144061f5d63db24a529a4ebb9a333082f7d9f7dc89ba7c8	114199	assets/default.fragment-TDArePlg.js
5de655d9f64bbdfa433cc23fa45499efb72a1bf6be4c4d39003605d71bbd1f45	15479	assets/default.vertex-B7KyPJZN.js
e01b7f5703009343004f62829433137d2757717c8fb9687abfbcb39a6849f44f	31875	assets/default.vertex-DqE26LIp.js
c1be9b5ba7990ffec29649403d4948032e12188a1cca8bac368ce1279195c119	534	assets/depthBoxBlur.fragment-CLEAG5DG.js
061e3196a751953eb2a98b4e3bf13fe1b544d6a04d1fd541993e5003e6e6814d	713	assets/depthBoxBlur.fragment-D2KJPEQv.js
4d938cbcd188ef9a95f4c52657ec65b4b9dd037c8abbe374ad7f61e75ea948d0	221	assets/dumpTools.pure-CfCWfm3y.js
a72f302952c5672b64086cd24968ce3fb2b0afb01b4adb242d6237ee859a8731	3795	assets/dumpTools.pure-CTlPozTU.js
0aa59f809e5c5facd7ed73e669c4aad4124cc6cb1a5b02b4c027d76085a3c6d1	17442	assets/effectRenderer.pure-USfS0Q-G.js
4ff4a065e9cbcecc87a977005df2188454cc7e97c65dd733927e9799a464793b	3512	assets/engineStore-Bn2tApal.js
d89b352ad18c71cad141c6c5d74bef49a85fef0fdf1fccec57dcfbce2635d3e0	8058	assets/envTextureLoader-BC4TtLOq.js
add164cc93fdce9d3176329c57675cbe2b9a8f49ea7c57354ded5ad328e3bb7e	13148	assets/exrTextureLoader-Dlr7Fs1r.js
16bc7ec0e6e4d42ecf24c19ad1103704765052f1f19408cc1b9255ce6a121dad	1084	assets/fogFragment-CISE_m3s.js
8b08b73a42fed9785b5ddf87d49fcd43876f1c2c56ba88367b62dc2b7f60add0	1214	assets/fogFragment-EikOP4pH.js
ab91eca12de6819f7b6bbd815e14a135bb371ff805f6c6fe8b674623c3b4a967	1372	assets/halfFloat-Cfx5m4ll.js
026917766f534c156286f07975850978dabf17c42e742bbfaaebbcb2215e4e11	2094563	assets/HavokPhysics-BqNY-4N9.wasm
c1dfa7a7928d2c03e86324a093297ad10c35caefff14518691c5fe4d4172447a	2313	assets/hdrTextureLoader-BQVwkxK1.js
019a076bb9af420aa999424c444b782a858fa7153a108bfb55fbf30b20917969	6489	assets/helperFunctions-BH8P-eyq.js
25cb5a62b09965a1f9d12f999eb40672c9f80924b8cf2353120e9809d11a03ba	6815	assets/helperFunctions-gEnZbjN3.js
6ede12cb54747ef5b9c41df0e584d70313d34d7b61e4837668aebeacb6c93e81	2477	assets/iesTextureLoader-DkRm2YN5.js
e86608fbd6962c3c13457d9d55ef47903c5da26cd6857bebd36c08bbeda7899b	1049072	assets/index-BhnzTU0H.js
503673bbe78d9df7f00e7545cbe23da8f9b05081edfd16f8da17367fab9c6626	7398	assets/index-DEjBbVlq.css
a46a0734a2c298df374a62448b379859bcb7b83976583cf7383b1ed384fb385f	7689	assets/internalTexture-Dlz1Grf0.js
0ea4704ab855934dc8fbb18e7c39f07d81673661319c40710c5571042a6c2be3	2299	assets/kernelBlur.fragment-BvT73mHN.js
cb2f78df942df3c09271a4665fd6e1436cdedb633d64e65f9306140b4e4472ed	2839	assets/kernelBlur.fragment-DGoy5K5D.js
3f1dc80cd562e1b5511246a38b635569241e2ae976499ee40de627ce2eb559f2	889	assets/kernelBlur.vertex-C2dESVl-.js
839cf6dbde0b998db34b0d006728f91dc54fb702dd85b28cea343de6200fd119	1054	assets/kernelBlur.vertex-Cr8ljakh.js
6f65420f8bc342db1257cbe18aa503dbb6611294a0ddb18162dca82d3ff78ac3	212	assets/kernelBlurVaryingDeclaration-DP2Wr9Oc.js
276438747ce877fbc99be16783cfedee04d623e00cb28c8014f1d6d8ea3d4810	222	assets/kernelBlurVaryingDeclaration-g2Ge9lzd.js
48c7a58fff083f58d8d8be6d43e487532ef6b6840ef6a0cd397f464697a61485	16411	assets/ktxTextureLoader-BvmcoXCI.js
dd3a2f36489ba68ee7c2c20b4563bc2726694877c919b38f48792d80492d30fe	1982	assets/logDepthDeclaration-BKlEAogj.js
68113a400993180dabaec4ff1e6e24bbedbef9d9c13813dbf4d53811a6d7f114	1603	assets/logDepthDeclaration-CTCYTVLm.js
30a999582eace71f2e78a479182e71e943508bbda9574b17e5b29575c49a3b9e	1881	assets/logger-CuBYPcDK.js
04890c0cf202a49a652b7a11e3d6d47b016e37ba6a92877eff26ad0da0dd07b2	76937	assets/math.color.pure-Dweur9o_.js
224724705dbb6a469db9f384200da635fca3e16445f5181154376e3bee206e03	704	assets/math.scalar.functions-Bcxiuh2E.js
bdeb852116676b6289101b6ef271fb52200959188fba6863858942ec2e068338	930	assets/mesh.vertexData.functions-CD4JOR2q.js
306ac8b42f8b83585373251f8f5ff6df1230b268ac16dd4461812e1766815666	657	assets/meshUboDeclaration-ClF6XIke.js
dd62c1b70619ddc775918935def673095d01e07f0b2c4839d4aa74387778382f	651	assets/meshUboDeclaration-DYEo1Glw.js
7e231dfccd87db548f33cf4bb21a0e7fcbf9907bdb54cde2776876fc9c52c34e	4379	assets/morphTargetsVertex-6N5r7oF1.js
55af13b4ebad6636788f652ede1cb6c4919f9d37542ae9846914dd16c0b3a8ea	6405	assets/morphTargetsVertex-OlIh-Lzh.js
1c1e1ac16f5e3066551fa194031823cc6fd171ece8446e98649c8d58a7e592ef	563	assets/packingFunctions-CINwVZs6.js
d1d7fe78f80d8e27c294da522bcb25f2a2641bfdcf6ba7f135f1fff419ebf11b	529	assets/packingFunctions-DpGwbupU.js
9360b4269aa9ef2e3f7c40e8671692d8efa20ef17ef57f3207ce34b5cd3751e2	318	assets/pass.fragment-Cvd2TCWC.js
18ac183db602e06e8f22bb36ef5a1b0127170dfa0401d3e6aff4f81dc5d76b26	500	assets/performanceConfigurator-UtxC_Odd.js
b61c11c6179e6e098d4b6843d4129b000b24e61bfa7dff5d63ca5d42a0b9c0c2	19476	assets/postProcess.pure-CtnZQZ0J.js
7f3cb8f402651e0c1378f484fdd319a6859ce17c20cb877ede973037d487ca79	584	assets/postprocess.vertex-CmVXXq2T.js
520bb6e9e2851654258b110a11a5d138f1e77aaaaa22013e6d723cdd59bdeacd	460	assets/postprocess.vertex-DJCmMhI8.js
bee2fc90a9d5fad759b42d5df5a6f2e1302957a5d4bdd56bc8a4e78891d589da	520	assets/rgbdDecode.fragment-Cdz2Tveq.js
e6968fe3710c058f004d6bbcd515bb9fed0cdad1265a70ff16ed0b044874d00c	663	assets/rgbdDecode.fragment-DXl2fYur.js
db600316439f2fedb7bfd3bcbc61b24d30c2b2646828dcea1c7c778cd07d5e3e	469	assets/shaderStore-D-XQlhUT.js
67b8272926307aaf3667d9be072d87bc51dc37c04f13e40529e52b163e23dc76	3866	assets/shadowMap.fragment-DUFTmQJ_.js
a120bd721dd8502f47b6521519ed35ad5b825a7e1355ad36aa2599f783be52e2	3306	assets/shadowMap.fragment-DX4Yo1bp.js
674a357c87862427b855f47d08df118536a33f5906e29201756f37b216880e91	4715	assets/shadowMap.vertex-BAMalKfR.js
83285322a5be1bcdcb8fe7cc329406ff8237b6c696ef475196ef8ace3592f490	4886	assets/shadowMap.vertex-BVP18Zja.js
b4bbaf3160d4fdef8454d5f8589bd759bed08860a96beec12dc5b5e6512bd1ed	405	assets/shadowMapFragmentSoftTransparentShadow-B6k0i9Au.js
60d9a6c61f1cdafa13eebbcea78db9afd8d39585a20c77d6b11edf96c11896fb	370	assets/shadowMapFragmentSoftTransparentShadow-R_iOKnyx.js
3886ed85d4b95bc8b592f49c882ff0521c17f8b36c4c37e9fc0179ecbb5b8146	5736	assets/sphericalPolynomial.pure-FtwgJ5uO.js
5650cb5b23767291b63ebe6fa0eeae1a0a34955c4935e8f6345020642fef6cd6	21105	assets/texture.pure-p5M5lFsr.js
7edd7f23ff0ade28e79de5a87b7c966629d4e26d815fa3321589c50632179ae0	3408	assets/tgaTextureLoader-CqhhocF6.js
f7ea22f2b1ead94fc44c432cdd2b325a07a47d611577e223964b215682630632	126084	assets/thinEngine.pure-DE4lYyY5.js
57c2c6064fb862bd5c362acde374a551ca97d2af8fe847dfb31e081dd9fc363d	74	assets/thinEngine.pure-DXuNxQlg.js
3743b4e33b0b706b46c3fb1203956b845afeb510e73dcbcaac5370e2dacecfe5	13262	assets/timingTools-BfV6cIZn.js
1fc61efa3c62f6207ef16dc2b0413595b6f4a39f8c7f242a38328914f5b700b8	29447	assets/tools.pure-DWLmcBDV.js
08515d62dd5c830d44b960dbd14aa582c036d1b2def1b6ada9edb4e8a278fdf5	1991	assets/vertexColorMixing-BkEiY65E.js
31d46d318b67ae3d38de4618dcb4ec9b2b66fa10f4c600a286421822d085c3ba	1631	assets/vertexColorMixing-ZPzHOsPb.js
3526431b0208455b8ac5d2755b161c0f22cca8fb42edc838447939ab02ace00b	1428	deployment-provenance.json
765616b21c8064d7d7ee3509d4b28c081953c3a606076d6bccfa4fec2bcd1e50	2891	index.html
8943829352fe3a95700a6c7617e4df208c984fc3bef8ba0fee616a774fac0685	1379	preview-storage.mjs
33ae4c4a68834c7f247e9409ff89b95afaa5465c4a7e556c4f782ca6dbadb688	486	preview.css
170b39005cffd1ad2295f941da34e049794c2a1e4f0e25c80d6a342593d8f8c7	2984	preview.mjs
